INSERT INTO NAME (NAME_ID, FIRST, MIDDLE, LAST) VALUES (95417779426951168,'Kathleen','Jayme','Greenholt');INSERT INTO NAME (NAME_ID, FIRST, MIDDLE, LAST) VALUES (246103541616214016,'Natasha','Cleveland','');INSERT INTO NAME (NAME_ID, FIRST, MIDDLE, LAST) VALUES (338941347073359872,'Bret','','Bode');INSERT INTO NAME (NAME_ID, FIRST, MIDDLE, LAST) VALUES (365866565771460608,'Van','Jasper','');INSERT INTO NAME (NAME_ID, FIRST, MIDDLE, LAST) VALUES (398975631137701888,'Jarret','Columbus','Schaden');INSERT INTO NAME (NAME_ID, FIRST, MIDDLE, LAST) VALUES (493440271422324736,'Jose','Jayson','Heidenreich');INSERT INTO NAME (NAME_ID, FIRST, MIDDLE, LAST) VALUES (535195204739661824,'Jordane','Floyd','Reinger');INSERT INTO NAME (NAME_ID, FIRST, MIDDLE, LAST) VALUES (666323438209597440,'Jeffrey','','');INSERT INTO NAME (NAME_ID, FIRST, MIDDLE, LAST) VALUES (802252903950581760,'Dustin','','');INSERT INTO NAME (NAME_ID, FIRST, MIDDLE, LAST) VALUES (826580504953225216,'Berenice','Geovanni','');INSERT INTO NAME (NAME_ID, FIRST, MIDDLE, LAST) VALUES (962985427868844032,'Noemie','Casimir','Sawayn');INSERT INTO NAME (NAME_ID, FIRST, MIDDLE, LAST) VALUES (1186242406350061568,'Hannah','','');INSERT INTO NAME (NAME_ID, FIRST, MIDDLE, LAST) VALUES (1280939090832785408,'Myles','','');INSERT INTO NAME (NAME_ID, FIRST, MIDDLE, LAST) VALUES (1339022248563965952,'Nash','','Waters');INSERT INTO NAME (NAME_ID, FIRST, MIDDLE, LAST) VALUES (1378969421556482048,'Natalia','Terence','Beahan');INSERT INTO NAME (NAME_ID, FIRST, MIDDLE, LAST) VALUES (1422602681511313408,'Eliza','','');INSERT INTO NAME (NAME_ID, FIRST, MIDDLE, LAST) VALUES (1623018207868616704,'Dwight','Cortez','Walsh');INSERT INTO NAME (NAME_ID, FIRST, MIDDLE, LAST) VALUES (1722597016036442112,'Jessika','Rory','Wisozk');INSERT INTO NAME (NAME_ID, FIRST, MIDDLE, LAST) VALUES (1746525004691931136,'Morgan','Freddy','');INSERT INTO NAME (NAME_ID, FIRST, MIDDLE, LAST) VALUES (1880009598954373120,'Frankie','Clyde','Wolf');INSERT INTO NAME (NAME_ID, FIRST, MIDDLE, LAST) VALUES (1926987749374558208,'General','','');INSERT INTO NAME (NAME_ID, FIRST, MIDDLE, LAST) VALUES (2322280068098818048,'Madyson','','Schaefer');INSERT INTO NAME (NAME_ID, FIRST, MIDDLE, LAST) VALUES (2345153324455559168,'Cleo','','Bogan');INSERT INTO NAME (NAME_ID, FIRST, MIDDLE, LAST) VALUES (2370012827093041152,'Caitlyn','','Marvin');INSERT INTO NAME (NAME_ID, FIRST, MIDDLE, LAST) VALUES (2540362963903053824,'Carter','Camryn','Schaden');INSERT INTO NAME (NAME_ID, FIRST, MIDDLE, LAST) VALUES (2761307931424063488,'Elnora','','Kassulke');INSERT INTO NAME (NAME_ID, FIRST, MIDDLE, LAST) VALUES (2878370563611426816,'Erwin','','');INSERT INTO NAME (NAME_ID, FIRST, MIDDLE, LAST) VALUES (2882594681126912000,'Noelia','','Donnelly');INSERT INTO NAME (NAME_ID, FIRST, MIDDLE, LAST) VALUES (2951611945125412864,'Oleta','','Wilderman');INSERT INTO NAME (NAME_ID, FIRST, MIDDLE, LAST) VALUES (3001421449656270848,'Myron','','');INSERT INTO NAME (NAME_ID, FIRST, MIDDLE, LAST) VALUES (3007815006692573184,'Stacy','','');INSERT INTO NAME (NAME_ID, FIRST, MIDDLE, LAST) VALUES (3049188293510955008,'Merlin','Rosendo','');INSERT INTO NAME (NAME_ID, FIRST, MIDDLE, LAST) VALUES (3078449772554616832,'Amir','Kristoffer','');INSERT INTO NAME (NAME_ID, FIRST, MIDDLE, LAST) VALUES (3172598741332918272,'Rowland','','DuBuque');INSERT INTO NAME (NAME_ID, FIRST, MIDDLE, LAST) VALUES (3303240028590702592,'Miracle','','');INSERT INTO NAME (NAME_ID, FIRST, MIDDLE, LAST) VALUES (3359823181878657024,'Vernon','Edgar','Stanton');INSERT INTO NAME (NAME_ID, FIRST, MIDDLE, LAST) VALUES (3370845064392605696,'Sabina','Guy','Marvin');INSERT INTO NAME (NAME_ID, FIRST, MIDDLE, LAST) VALUES (3531263072150749184,'Ernesto','','');INSERT INTO NAME (NAME_ID, FIRST, MIDDLE, LAST) VALUES (3881653200012443648,'Broderick','Bobbie','');INSERT INTO NAME (NAME_ID, FIRST, MIDDLE, LAST) VALUES (3972868164961697792,'Jaunita','','Leuschke');INSERT INTO NAME (NAME_ID, FIRST, MIDDLE, LAST) VALUES (4007991015938981888,'Lester','Greg','DAmore');INSERT INTO NAME (NAME_ID, FIRST, MIDDLE, LAST) VALUES (4092242365727637504,'Kathlyn','','');INSERT INTO NAME (NAME_ID, FIRST, MIDDLE, LAST) VALUES (4103200635480965120,'Gloria','','');INSERT INTO NAME (NAME_ID, FIRST, MIDDLE, LAST) VALUES (4106902519332995072,'Sydnie','','');INSERT INTO NAME (NAME_ID, FIRST, MIDDLE, LAST) VALUES (4117650979933913088,'Chandler','Giovanny','Kuhn');INSERT INTO NAME (NAME_ID, FIRST, MIDDLE, LAST) VALUES (4325862159696265216,'Blair','','');INSERT INTO NAME (NAME_ID, FIRST, MIDDLE, LAST) VALUES (4476516800552501248,'Norbert','','Ebert');INSERT INTO NAME (NAME_ID, FIRST, MIDDLE, LAST) VALUES (4750405653837643776,'Obie','Vance','');INSERT INTO NAME (NAME_ID, FIRST, MIDDLE, LAST) VALUES (4810719106481258496,'Jodie','','');INSERT INTO NAME (NAME_ID, FIRST, MIDDLE, LAST) VALUES (4854270392690278400,'Lorine','','');INSERT INTO NAME (NAME_ID, FIRST, MIDDLE, LAST) VALUES (5295718946828189696,'Vena','Joey','');INSERT INTO NAME (NAME_ID, FIRST, MIDDLE, LAST) VALUES (5327244324608409600,'Daren','','Nicolas');INSERT INTO NAME (NAME_ID, FIRST, MIDDLE, LAST) VALUES (5425348198057115648,'Kian','','Pfeffer');INSERT INTO NAME (NAME_ID, FIRST, MIDDLE, LAST) VALUES (5717486010900676608,'Ernestine','Ramiro','Herzog');INSERT INTO NAME (NAME_ID, FIRST, MIDDLE, LAST) VALUES (5767930363137490944,'Hiram','Jaeden','');INSERT INTO NAME (NAME_ID, FIRST, MIDDLE, LAST) VALUES (5775822030536441856,'Daphnee','Chadrick','Schiller');INSERT INTO NAME (NAME_ID, FIRST, MIDDLE, LAST) VALUES (5777018990677196800,'Gaetano','Constantin','');INSERT INTO NAME (NAME_ID, FIRST, MIDDLE, LAST) VALUES (6012992473968672768,'Linda','','Kub');INSERT INTO NAME (NAME_ID, FIRST, MIDDLE, LAST) VALUES (6022169131158077440,'Tito','','Robel');INSERT INTO NAME (NAME_ID, FIRST, MIDDLE, LAST) VALUES (6078791553332019200,'Ezequiel','','');INSERT INTO NAME (NAME_ID, FIRST, MIDDLE, LAST) VALUES (6092600543203557376,'Rosalee','','Johnston');INSERT INTO NAME (NAME_ID, FIRST, MIDDLE, LAST) VALUES (6411399318292398080,'Leanne','Reagan','Zboncak');INSERT INTO NAME (NAME_ID, FIRST, MIDDLE, LAST) VALUES (6587206494519820288,'Sigmund','Werner','');INSERT INTO NAME (NAME_ID, FIRST, MIDDLE, LAST) VALUES (6631203194607239168,'Armani','Pete','Thiel');INSERT INTO NAME (NAME_ID, FIRST, MIDDLE, LAST) VALUES (6816095201623277568,'Nasir','Giovanny','');INSERT INTO NAME (NAME_ID, FIRST, MIDDLE, LAST) VALUES (6843693901258162176,'Loren','','Okuneva');INSERT INTO NAME (NAME_ID, FIRST, MIDDLE, LAST) VALUES (6865111094982082560,'Michaela','','Deckow');INSERT INTO NAME (NAME_ID, FIRST, MIDDLE, LAST) VALUES (6928466788925571072,'Bethany','','Renner');INSERT INTO NAME (NAME_ID, FIRST, MIDDLE, LAST) VALUES (6957974726077579264,'Jared','','Hirthe');INSERT INTO NAME (NAME_ID, FIRST, MIDDLE, LAST) VALUES (7201874361060425728,'Nicholas','','Stamm');INSERT INTO NAME (NAME_ID, FIRST, MIDDLE, LAST) VALUES (7348950211827335168,'Cordelia','Lamar','');INSERT INTO NAME (NAME_ID, FIRST, MIDDLE, LAST) VALUES (7351663329783316480,'Alexandria','','Ullrich');INSERT INTO NAME (NAME_ID, FIRST, MIDDLE, LAST) VALUES (7399147908387307520,'Tyrel','','Pagac');INSERT INTO NAME (NAME_ID, FIRST, MIDDLE, LAST) VALUES (7407336431040856064,'Lyla','Kenton','');INSERT INTO NAME (NAME_ID, FIRST, MIDDLE, LAST) VALUES (7490407768629706752,'Fidel','Braeden','Reynolds');INSERT INTO NAME (NAME_ID, FIRST, MIDDLE, LAST) VALUES (7566054653952000000,'Gianni','','West');INSERT INTO NAME (NAME_ID, FIRST, MIDDLE, LAST) VALUES (7614260039737409536,'Florence','Jayme','');INSERT INTO NAME (NAME_ID, FIRST, MIDDLE, LAST) VALUES (7690939972068573184,'Kayden','','');INSERT INTO NAME (NAME_ID, FIRST, MIDDLE, LAST) VALUES (7779341097783787520,'Enos','','');INSERT INTO NAME (NAME_ID, FIRST, MIDDLE, LAST) VALUES (7861540097450049536,'Bryana','','Rodriguez');INSERT INTO NAME (NAME_ID, FIRST, MIDDLE, LAST) VALUES (7874607462433685504,'Skye','','');INSERT INTO NAME (NAME_ID, FIRST, MIDDLE, LAST) VALUES (7982708263105855488,'Neha','','Powlowski');INSERT INTO NAME (NAME_ID, FIRST, MIDDLE, LAST) VALUES (8010133506191523840,'Emmett','','Boyer');INSERT INTO NAME (NAME_ID, FIRST, MIDDLE, LAST) VALUES (8109335671497293824,'Kara','Kameron','Lemke');INSERT INTO NAME (NAME_ID, FIRST, MIDDLE, LAST) VALUES (8175828705906524160,'Toby','','Kreiger');INSERT INTO NAME (NAME_ID, FIRST, MIDDLE, LAST) VALUES (8227191481065013248,'Mariela','Dimitri','Hansen');INSERT INTO NAME (NAME_ID, FIRST, MIDDLE, LAST) VALUES (8232940750057242624,'Boris','','');INSERT INTO NAME (NAME_ID, FIRST, MIDDLE, LAST) VALUES (8269951788916932608,'Emie','Wyatt','Hayes');INSERT INTO NAME (NAME_ID, FIRST, MIDDLE, LAST) VALUES (8289745119930744832,'Vince','','');INSERT INTO NAME (NAME_ID, FIRST, MIDDLE, LAST) VALUES (8348708389475319808,'Mose','Lawrence','Jacobi');INSERT INTO NAME (NAME_ID, FIRST, MIDDLE, LAST) VALUES (8385311741449338880,'Annamarie','','Green');INSERT INTO NAME (NAME_ID, FIRST, MIDDLE, LAST) VALUES (8460493430273867776,'Stanford','','Harber');INSERT INTO NAME (NAME_ID, FIRST, MIDDLE, LAST) VALUES (8525745356573507584,'Brenda','','Kertzmann');INSERT INTO NAME (NAME_ID, FIRST, MIDDLE, LAST) VALUES (8656052516850499584,'Dena','','');INSERT INTO NAME (NAME_ID, FIRST, MIDDLE, LAST) VALUES (8713875390973607936,'Mervin','Jean','Weber');INSERT INTO NAME (NAME_ID, FIRST, MIDDLE, LAST) VALUES (8846105459648626688,'Brady','','');INSERT INTO NAME (NAME_ID, FIRST, MIDDLE, LAST) VALUES (8855726856406564864,'Miracle','Keenan','Buckridge');INSERT INTO NAME (NAME_ID, FIRST, MIDDLE, LAST) VALUES (8931198382509129728,'Tracey','','West');INSERT INTO NAME (NAME_ID, FIRST, MIDDLE, LAST) VALUES (8935119966823251968,'Adriana','Leonard','');INSERT INTO NAME (NAME_ID, FIRST, MIDDLE, LAST) VALUES (9088450299290451968,'Alexis','Dayne','Padberg');INSERT INTO ADDRESS (ADDRESS_ID, STREET, CITY, STATE, ZIP) VALUES (24095011343695872,'87046 Schulist Cape','New Agnes','New Hampshire','98065');INSERT INTO ADDRESS (ADDRESS_ID, STREET, CITY, STATE, ZIP) VALUES (25230879869632512,'67586 Aufderhar Ridges Suite 981','Lake Cora','Georgia','10384-0707');INSERT INTO ADDRESS (ADDRESS_ID, STREET, CITY, STATE, ZIP) VALUES (155114921443459072,'2119 Smitham Port','Lake Nicklausside','Oklahoma','46353-6889');INSERT INTO ADDRESS (ADDRESS_ID, STREET, CITY, STATE, ZIP) VALUES (190282040648663040,'727 Medhurst Court Apt. 629','Lake Lea','South Dakota','68416-6744');INSERT INTO ADDRESS (ADDRESS_ID, STREET, CITY, STATE, ZIP) VALUES (281456276423049216,'170 Hoppe Creek Suite 985','Balistrerimouth','Alabama','40241-5454');INSERT INTO ADDRESS (ADDRESS_ID, STREET, CITY, STATE, ZIP) VALUES (381067112162000896,'27625 Kellen Trail Suite 668','Port German','West Virginia','50501');INSERT INTO ADDRESS (ADDRESS_ID, STREET, CITY, STATE, ZIP) VALUES (573832391232061440,'3548 Gleason Ferry Apt. 322','North Janickbury','Alabama','27205');INSERT INTO ADDRESS (ADDRESS_ID, STREET, CITY, STATE, ZIP) VALUES (732105075710754816,'525 Lora Square Suite 893','New Jeremie','Florida','15637');INSERT INTO ADDRESS (ADDRESS_ID, STREET, CITY, STATE, ZIP) VALUES (758590618606764032,'0817 Neha Grove','Gusikowskiside','Indiana','66058');INSERT INTO ADDRESS (ADDRESS_ID, STREET, CITY, STATE, ZIP) VALUES (981079386352517120,'933 Neil Stravenue Apt. 586','Marksburgh','District of Columbia','79218');INSERT INTO ADDRESS (ADDRESS_ID, STREET, CITY, STATE, ZIP) VALUES (1350402473084321792,'3754 Lurline Springs','New Clifford','South Dakota','05749');INSERT INTO ADDRESS (ADDRESS_ID, STREET, CITY, STATE, ZIP) VALUES (1390045416363393024,'3595 Kristin Mountain','Dickihaven','Mississippi','88034');INSERT INTO ADDRESS (ADDRESS_ID, STREET, CITY, STATE, ZIP) VALUES (1397452903509131264,'2151 Stroman Stravenue','Emmetburgh','Alabama','64620-6107');INSERT INTO ADDRESS (ADDRESS_ID, STREET, CITY, STATE, ZIP) VALUES (1416927582309318656,'1481 Samara View','New Sheilamouth','Michigan','24353-4664');INSERT INTO ADDRESS (ADDRESS_ID, STREET, CITY, STATE, ZIP) VALUES (1524206901766651904,'660 Micah Isle Apt. 617','Uliceston','Oregon','55505');INSERT INTO ADDRESS (ADDRESS_ID, STREET, CITY, STATE, ZIP) VALUES (1660568866419376128,'725 Douglas Rest','East Annie','Oklahoma','28288-1443');INSERT INTO ADDRESS (ADDRESS_ID, STREET, CITY, STATE, ZIP) VALUES (1678197804498944000,'44776 Perry Mountains','Aufderharland','New York','28323-4431');INSERT INTO ADDRESS (ADDRESS_ID, STREET, CITY, STATE, ZIP) VALUES (1745268361685630976,'089 Hagenes Wells Suite 847','East Rowenaside','Idaho','58352-8219');INSERT INTO ADDRESS (ADDRESS_ID, STREET, CITY, STATE, ZIP) VALUES (1895335000044208128,'1574 Ernestina Square','West Grovershire','West Virginia','37798-6773');INSERT INTO ADDRESS (ADDRESS_ID, STREET, CITY, STATE, ZIP) VALUES (1897818513343512576,'66019 Anastasia Groves Suite 953','South Aurelia','Georgia','16868');INSERT INTO ADDRESS (ADDRESS_ID, STREET, CITY, STATE, ZIP) VALUES (1953638407993294848,'05511 Jean Plaza','North Liachester','Oklahoma','14146');INSERT INTO ADDRESS (ADDRESS_ID, STREET, CITY, STATE, ZIP) VALUES (1969177917497802752,'782 Annette Creek Suite 998','Elysestad','Washington','85650');INSERT INTO ADDRESS (ADDRESS_ID, STREET, CITY, STATE, ZIP) VALUES (2011681094247645184,'63722 Beatrice Courts','North Marcelville','Maryland','13293');INSERT INTO ADDRESS (ADDRESS_ID, STREET, CITY, STATE, ZIP) VALUES (2082691540899069952,'665 Unique Trail','Ashleightown','Delaware','43726-4078');INSERT INTO ADDRESS (ADDRESS_ID, STREET, CITY, STATE, ZIP) VALUES (2110484587804098560,'2020 Nestor Meadow','Leoneview','Wyoming','45237');INSERT INTO ADDRESS (ADDRESS_ID, STREET, CITY, STATE, ZIP) VALUES (2263058280177729536,'360 Bernier Estates Apt. 696','South Ledaton','Maryland','91145-6783');INSERT INTO ADDRESS (ADDRESS_ID, STREET, CITY, STATE, ZIP) VALUES (2491710240093896704,'97700 Gutkowski Knolls Suite 539','Sengerbury','Arizona','19577');INSERT INTO ADDRESS (ADDRESS_ID, STREET, CITY, STATE, ZIP) VALUES (2634388838918651904,'8542 Magali Burg Apt. 125','Port Teresa','Connecticut','33476-5192');INSERT INTO ADDRESS (ADDRESS_ID, STREET, CITY, STATE, ZIP) VALUES (2640212256226279424,'63581 Darlene Divide','Raymundoside','Virginia','52612');INSERT INTO ADDRESS (ADDRESS_ID, STREET, CITY, STATE, ZIP) VALUES (2864079476545814528,'61938 Runolfsson Radial','East Reubenshire','Wisconsin','88866');INSERT INTO ADDRESS (ADDRESS_ID, STREET, CITY, STATE, ZIP) VALUES (2906307479035969536,'361 Yost Oval','West Jude','Hawaii','73328');INSERT INTO ADDRESS (ADDRESS_ID, STREET, CITY, STATE, ZIP) VALUES (3288503038020419584,'0970 Lazaro Curve','Lake Emieport','Maryland','22578');INSERT INTO ADDRESS (ADDRESS_ID, STREET, CITY, STATE, ZIP) VALUES (3299584113773641728,'8077 Cary Spring','Shermanhaven','New Jersey','85408-4961');INSERT INTO ADDRESS (ADDRESS_ID, STREET, CITY, STATE, ZIP) VALUES (3425775058998525952,'78760 Forrest Junction','Oniehaven','North Dakota','19851-7542');INSERT INTO ADDRESS (ADDRESS_ID, STREET, CITY, STATE, ZIP) VALUES (3437514115151560704,'4828 Meta Corner','Marisolton','Delaware','84571');INSERT INTO ADDRESS (ADDRESS_ID, STREET, CITY, STATE, ZIP) VALUES (3480499784232468480,'4059 Wuckert Run Suite 344','Cristberg','North Dakota','06881');INSERT INTO ADDRESS (ADDRESS_ID, STREET, CITY, STATE, ZIP) VALUES (3559567855819161600,'895 Eddie Stream Suite 338','West Dariana','Massachusetts','97002-7218');INSERT INTO ADDRESS (ADDRESS_ID, STREET, CITY, STATE, ZIP) VALUES (3582993440675201024,'668 Tremblay Stravenue','Ardellaton','New York','26794');INSERT INTO ADDRESS (ADDRESS_ID, STREET, CITY, STATE, ZIP) VALUES (3637524995460038656,'423 Ankunding Port Apt. 437','Port Mallory','District of Columbia','14045-2875');INSERT INTO ADDRESS (ADDRESS_ID, STREET, CITY, STATE, ZIP) VALUES (3846001707280498688,'56846 Dare Light Apt. 127','DuBuquestad','Arkansas','03293');INSERT INTO ADDRESS (ADDRESS_ID, STREET, CITY, STATE, ZIP) VALUES (3930240550124388352,'7226 Kertzmann Manor','Dylanfort','Nevada','51088');INSERT INTO ADDRESS (ADDRESS_ID, STREET, CITY, STATE, ZIP) VALUES (3937362168541872128,'7494 Stokes Radial Suite 312','Hoegerfurt','Kentucky','28223-5106');INSERT INTO ADDRESS (ADDRESS_ID, STREET, CITY, STATE, ZIP) VALUES (4105713101154811904,'63540 Larue Coves','Krisstad','New York','59857-7309');INSERT INTO ADDRESS (ADDRESS_ID, STREET, CITY, STATE, ZIP) VALUES (4190181089093877760,'8672 Myrtle Cliffs','Kutchview','South Dakota','15461');INSERT INTO ADDRESS (ADDRESS_ID, STREET, CITY, STATE, ZIP) VALUES (4296854564759404544,'589 Streich Estates Suite 031','Port Elton','Colorado','92607-0405');INSERT INTO ADDRESS (ADDRESS_ID, STREET, CITY, STATE, ZIP) VALUES (4370657942744072192,'4784 Jones Crest','Lake Hillaryhaven','Oregon','03549-8353');INSERT INTO ADDRESS (ADDRESS_ID, STREET, CITY, STATE, ZIP) VALUES (4442666952111947776,'0338 Cole Fall','Port Darrionfurt','New Mexico','33733-5952');INSERT INTO ADDRESS (ADDRESS_ID, STREET, CITY, STATE, ZIP) VALUES (4554038503524007936,'00154 Emerald Corner Apt. 164','New Jermaineshire','Indiana','87962');INSERT INTO ADDRESS (ADDRESS_ID, STREET, CITY, STATE, ZIP) VALUES (4611069785109692416,'6170 Kessler Mountain Apt. 875','Gregoryland','Indiana','17823-7571');INSERT INTO ADDRESS (ADDRESS_ID, STREET, CITY, STATE, ZIP) VALUES (4799719089645813760,'616 Jakubowski Island','Port Casimirfurt','Arizona','52236');INSERT INTO ADDRESS (ADDRESS_ID, STREET, CITY, STATE, ZIP) VALUES (4924747795245563904,'82336 Mosciski Mountains','South Tyler','Utah','73055');INSERT INTO ADDRESS (ADDRESS_ID, STREET, CITY, STATE, ZIP) VALUES (4958931783551811584,'666 Kozey Brooks Apt. 073','West Zacheryview','Maryland','19373');INSERT INTO ADDRESS (ADDRESS_ID, STREET, CITY, STATE, ZIP) VALUES (5005739797432500224,'90506 Walsh Valley Apt. 653','Yundtburgh','Connecticut','75934-5118');INSERT INTO ADDRESS (ADDRESS_ID, STREET, CITY, STATE, ZIP) VALUES (5043975670770696192,'816 Bauch Square Suite 209','Ortizborough','Alabama','80455');INSERT INTO ADDRESS (ADDRESS_ID, STREET, CITY, STATE, ZIP) VALUES (5054808432989700096,'9804 Bauch Harbor Apt. 159','East Odiebury','South Dakota','57336');INSERT INTO ADDRESS (ADDRESS_ID, STREET, CITY, STATE, ZIP) VALUES (5161541539981164544,'146 Cummings Stravenue','North Hayleyfurt','Colorado','38720-2487');INSERT INTO ADDRESS (ADDRESS_ID, STREET, CITY, STATE, ZIP) VALUES (5407618362605830144,'545 Franecki Pine','Gottliebville','Wisconsin','64280-5364');INSERT INTO ADDRESS (ADDRESS_ID, STREET, CITY, STATE, ZIP) VALUES (5474875072265060352,'8006 Cicero Road','Jamesonborough','Nebraska','20773');INSERT INTO ADDRESS (ADDRESS_ID, STREET, CITY, STATE, ZIP) VALUES (5478940542278565888,'619 Deckow Heights','New Garett','New Mexico','29189-6778');INSERT INTO ADDRESS (ADDRESS_ID, STREET, CITY, STATE, ZIP) VALUES (5515549640918827008,'428 Krystal Mountains','Brandymouth','Illinois','19540');INSERT INTO ADDRESS (ADDRESS_ID, STREET, CITY, STATE, ZIP) VALUES (5852232500914421760,'389 Freeda Neck Apt. 667','Hintzstad','Arizona','74419');INSERT INTO ADDRESS (ADDRESS_ID, STREET, CITY, STATE, ZIP) VALUES (6072518976934510592,'39284 Dibbert Forks Apt. 574','Port Alec','Oklahoma','30410-4059');INSERT INTO ADDRESS (ADDRESS_ID, STREET, CITY, STATE, ZIP) VALUES (6084204492025233408,'3660 Beier Villages','New Micah','District of Columbia','88442-2128');INSERT INTO ADDRESS (ADDRESS_ID, STREET, CITY, STATE, ZIP) VALUES (6199321469667770368,'02810 Samara Summit','South Elias','Alabama','64320-1919');INSERT INTO ADDRESS (ADDRESS_ID, STREET, CITY, STATE, ZIP) VALUES (6375776335553363968,'60237 Hoyt Ville','Lake Carleechester','Pennsylvania','88509-8425');INSERT INTO ADDRESS (ADDRESS_ID, STREET, CITY, STATE, ZIP) VALUES (6393459673688702976,'33316 Chris Rapids Apt. 665','Clemmieborough','Delaware','49316');INSERT INTO ADDRESS (ADDRESS_ID, STREET, CITY, STATE, ZIP) VALUES (6623392229643780096,'7804 Mose Harbors Apt. 314','Hellerland','West Virginia','38363-9681');INSERT INTO ADDRESS (ADDRESS_ID, STREET, CITY, STATE, ZIP) VALUES (6680880762037731328,'2903 Rico Lodge Apt. 299','Zulaufmouth','Connecticut','69790-9175');INSERT INTO ADDRESS (ADDRESS_ID, STREET, CITY, STATE, ZIP) VALUES (6748258954846928896,'7075 Paxton Port Suite 028','New Aimeefurt','Illinois','95417');INSERT INTO ADDRESS (ADDRESS_ID, STREET, CITY, STATE, ZIP) VALUES (6748547258821640192,'450 Thompson Shoals','Port Steveside','Massachusetts','15839');INSERT INTO ADDRESS (ADDRESS_ID, STREET, CITY, STATE, ZIP) VALUES (6874006066741379072,'883 Bode Valley','Mannview','Iowa','69182');INSERT INTO ADDRESS (ADDRESS_ID, STREET, CITY, STATE, ZIP) VALUES (7004992978607407104,'336 Anika Orchard','Heathcoteville','New Mexico','77704');INSERT INTO ADDRESS (ADDRESS_ID, STREET, CITY, STATE, ZIP) VALUES (7113106767260680192,'82712 Buckridge Forge Apt. 839','Port Samir','Kentucky','16582-1015');INSERT INTO ADDRESS (ADDRESS_ID, STREET, CITY, STATE, ZIP) VALUES (7125865766477365248,'215 Fadel Curve','Heidenreichberg','Wisconsin','25432-6296');INSERT INTO ADDRESS (ADDRESS_ID, STREET, CITY, STATE, ZIP) VALUES (7158968621320896512,'001 Watsica Fort','Wintheisermouth','Tennessee','12582');INSERT INTO ADDRESS (ADDRESS_ID, STREET, CITY, STATE, ZIP) VALUES (7171096195920560128,'538 Shana Creek Apt. 450','Brianneland','Missouri','11258-8054');INSERT INTO ADDRESS (ADDRESS_ID, STREET, CITY, STATE, ZIP) VALUES (7307419278234353664,'832 Armani Divide','Langmouth','New Mexico','77489');INSERT INTO ADDRESS (ADDRESS_ID, STREET, CITY, STATE, ZIP) VALUES (7405345821073342464,'004 Berta Tunnel','Watsonland','North Carolina','44483-5798');INSERT INTO ADDRESS (ADDRESS_ID, STREET, CITY, STATE, ZIP) VALUES (7583678897632313344,'8297 Cole Route Suite 453','Gottliebburgh','Virginia','69776');INSERT INTO ADDRESS (ADDRESS_ID, STREET, CITY, STATE, ZIP) VALUES (7642799062332211200,'39853 Aileen Camp Apt. 964','Madilynborough','North Carolina','21357-4678');INSERT INTO ADDRESS (ADDRESS_ID, STREET, CITY, STATE, ZIP) VALUES (7722865185534246912,'011 Jason Spurs Apt. 029','Kshlerinberg','Hawaii','73651-2744');INSERT INTO ADDRESS (ADDRESS_ID, STREET, CITY, STATE, ZIP) VALUES (7729216780740067328,'688 Lucas Meadow Apt. 133','Veumstad','Washington','18321');INSERT INTO ADDRESS (ADDRESS_ID, STREET, CITY, STATE, ZIP) VALUES (7805073123027451904,'655 Estevan Manors','New Charlotte','Oklahoma','79091-8640');INSERT INTO ADDRESS (ADDRESS_ID, STREET, CITY, STATE, ZIP) VALUES (8184083517085319168,'6266 Josiane Green Apt. 251','North Wilfridborough','South Dakota','28609-8360');INSERT INTO ADDRESS (ADDRESS_ID, STREET, CITY, STATE, ZIP) VALUES (8197217711760080896,'5495 Dicki Walks','Mohrtown','Iowa','52595-0244');INSERT INTO ADDRESS (ADDRESS_ID, STREET, CITY, STATE, ZIP) VALUES (8211862150080102400,'8402 Gibson Flats Apt. 067','Ramonberg','Indiana','84835-8243');INSERT INTO ADDRESS (ADDRESS_ID, STREET, CITY, STATE, ZIP) VALUES (8267826428645474304,'5122 Quitzon Hills','New Devenborough','Iowa','67320-8088');INSERT INTO ADDRESS (ADDRESS_ID, STREET, CITY, STATE, ZIP) VALUES (8336956671758696448,'3370 Sanford Village','Thompsonbury','West Virginia','75563-1992');INSERT INTO ADDRESS (ADDRESS_ID, STREET, CITY, STATE, ZIP) VALUES (8416518595864952832,'6651 Crona Parkway','Destanyview','Missouri','85493');INSERT INTO ADDRESS (ADDRESS_ID, STREET, CITY, STATE, ZIP) VALUES (8568736888284774400,'30559 Rahul Cliff','Jastton','New York','95042');INSERT INTO ADDRESS (ADDRESS_ID, STREET, CITY, STATE, ZIP) VALUES (8624506622011506688,'1725 Kemmer Crest Apt. 862','Joymouth','Oregon','36684');INSERT INTO ADDRESS (ADDRESS_ID, STREET, CITY, STATE, ZIP) VALUES (8674945270531751936,'0574 Grover Mountain','Port Mathildeshire','North Dakota','18414-8832');INSERT INTO ADDRESS (ADDRESS_ID, STREET, CITY, STATE, ZIP) VALUES (8778187389450321920,'69871 Ziemann Landing','Port Trevor','Massachusetts','44883');INSERT INTO ADDRESS (ADDRESS_ID, STREET, CITY, STATE, ZIP) VALUES (8782022911209766912,'9269 Larry Fork','Port Breanneborough','South Dakota','53331');INSERT INTO ADDRESS (ADDRESS_ID, STREET, CITY, STATE, ZIP) VALUES (8782789519922429952,'91394 Lockman Spring','Alisaview','Arkansas','88129');INSERT INTO ADDRESS (ADDRESS_ID, STREET, CITY, STATE, ZIP) VALUES (8838089843788480512,'4948 Carroll Falls','Abdulhaven','Pennsylvania','37237');INSERT INTO ADDRESS (ADDRESS_ID, STREET, CITY, STATE, ZIP) VALUES (9052617683492667392,'92576 Adrianna Mews','Lefflerview','Connecticut','03644-2817');INSERT INTO ADDRESS (ADDRESS_ID, STREET, CITY, STATE, ZIP) VALUES (9054626899258507264,'800 Kutch Parkway','Kirlinland','Louisiana','77387-9278');INSERT INTO ADDRESS (ADDRESS_ID, STREET, CITY, STATE, ZIP) VALUES (9099755194379403264,'230 Kaci Rest','Albertohaven','New York','74209');INSERT INTO CONTACT (CONTACT_ID, NAME_ID, ADDRESS_ID, EMAIL) VALUES (9019980398809055232, 4092242365727637504, 8782789519922429952, 'cc123@gmail.com');INSERT INTO CONTACT (CONTACT_ID, NAME_ID, ADDRESS_ID, EMAIL) VALUES (7125865766477365248, 4007991015938981888, 8211862150080102400, 'cATFd345@gmail.com');INSERT INTO CONTACT (CONTACT_ID, NAME_ID, ADDRESS_ID, EMAIL) VALUES (6748547258821640192, 8931198382509129728, 8778187389450321920, 'zerfsq1@yahoo.com');INSERT INTO CONTACT (CONTACT_ID, NAME_ID, ADDRESS_ID, EMAIL) VALUES (5478940542278565888, 7407336431040856064, 7729216780740067328, 'manlybord@protonmail.com');INSERT INTO CONTACT (CONTACT_ID, NAME_ID, ADDRESS_ID, EMAIL) VALUES (5005739797432500224, 1623018207868616704, 8336956671758696448, '6123bot@do-not-reply-consultants.com');INSERT INTO CONTACT (CONTACT_ID, NAME_ID, ADDRESS_ID, EMAIL) VALUES (8336956671758696448, 1378969421556482048, 4190181089093877760, 'superuser2@gm.com');INSERT INTO CONTACT (CONTACT_ID, NAME_ID, ADDRESS_ID, EMAIL) VALUES (8838089843788480500, 2878370563611426816, 6393459673688702976, 'nobodyforreal@gmail.com');INSERT INTO CONTACT (CONTACT_ID, NAME_ID, ADDRESS_ID, EMAIL) VALUES (8267826428645474304, 7614260039737409536, 1350402473084321792, 'mommomom@yahoo.com');INSERT INTO CONTACT (CONTACT_ID, NAME_ID, ADDRESS_ID, EMAIL) VALUES (4611069785109692416, 8010133506191523840, 2110484587804098560, 'boy34d@gmail.com');INSERT INTO CONTACT (CONTACT_ID, NAME_ID, ADDRESS_ID, EMAIL) VALUES (8568736888284774400, 1722597016036442112, 9054626899258507264, 'CHIEFYSNIPER@gmail.com');INSERT INTO CONTACT (CONTACT_ID, NAME_ID, ADDRESS_ID, EMAIL) VALUES (6072518976934510592, 3972868164961697792, 6748258954846928896, 'programmerdude@gmail.com');INSERT INTO CONTACT (CONTACT_ID, NAME_ID, ADDRESS_ID, EMAIL) VALUES (1390045416363393024, 7201874361060425728, 6375776335553363968, '');INSERT INTO CONTACT (CONTACT_ID, NAME_ID, ADDRESS_ID, EMAIL) VALUES (1926987749374558208, 2951611945125412864, 1390045416363393024, 'emailnophonenumber@programmer.com');INSERT INTO CONTACT (CONTACT_ID, NAME_ID, ADDRESS_ID, EMAIL) VALUES (6623392229643780096, 1186242406350061568, 190282040648663040, '');INSERT INTO PHONE (PHONE_ID, NUMBER, PHONE_TYPE, CONTACT_ID) VALUES (3881653200012443648, '908-721-8331', 'mobile', 8267826428645474304);INSERT INTO PHONE (PHONE_ID, NUMBER, PHONE_TYPE, CONTACT_ID) VALUES (878278951992242995, '908-731-3431', 'home', 8267826428645474304);INSERT INTO PHONE (PHONE_ID, NUMBER, PHONE_TYPE, CONTACT_ID) VALUES (1722597016036442112, '123-932-742-3453', 'work', 8267826428645474304);INSERT INTO PHONE (PHONE_ID, NUMBER, PHONE_TYPE, CONTACT_ID) VALUES (1378969421556482048, '944-771-8001', 'mobile', 8336956671758696448);INSERT INTO PHONE (PHONE_ID, NUMBER, PHONE_TYPE, CONTACT_ID) VALUES (4092242365727637504, '908-731-3431', 'home', 6748547258821640192);INSERT INTO PHONE (PHONE_ID, NUMBER, PHONE_TYPE, CONTACT_ID) VALUES (2878370563611426816, '123-932-742-3453', 'work', 6748547258821640192);INSERT INTO PHONE (PHONE_ID, NUMBER, PHONE_TYPE, CONTACT_ID) VALUES (3972868164961697792, '995-886-8666', 'mobile', 8568736888284774400);INSERT INTO PHONE (PHONE_ID, NUMBER, PHONE_TYPE, CONTACT_ID) VALUES (2110484587804098560, '809-744-5821', 'home', 8267826428645474304);INSERT INTO PHONE (PHONE_ID, NUMBER, PHONE_TYPE, CONTACT_ID) VALUES (7614260039737409536, '123-932-742-3453', 'work', 8267826428645474304);INSERT INTO PHONE (PHONE_ID, NUMBER, PHONE_TYPE, CONTACT_ID) VALUES (8211862150080102400, '(1)888-000-1111', 'mobile', 8267826428645474304);INSERT INTO PHONE (PHONE_ID, NUMBER, PHONE_TYPE, CONTACT_ID) VALUES (4007991015938981888, '908-731-3431', 'home', 8267826428645474304);INSERT INTO PHONE (PHONE_ID, NUMBER, PHONE_TYPE, CONTACT_ID) VALUES (7407336431040856064, '123-932-742-3453', 'work', 8267826428645474304);INSERT INTO PHONE (PHONE_ID, NUMBER, PHONE_TYPE, CONTACT_ID) VALUES (8931198382509129728, '753-643-4386', 'mobile', 8267826428645474304);INSERT INTO PHONE (PHONE_ID, NUMBER, PHONE_TYPE, CONTACT_ID) VALUES (9019980398809055232, '096-7310-1574', 'home', 8267826428645474304);INSERT INTO PHONE (PHONE_ID, NUMBER, PHONE_TYPE, CONTACT_ID) VALUES (8336956671758696448, '123-932-742-3453', 'work', 8267826428645474304);